<?xml version="1.0" encoding="UTF-8" standalone="yes"?>
<addon id="repository.exodusredux" name="I-A-C Repo" version="0.0.5" provider-name="I-A-C">
	<extension point="xbmc.addon.repository" name="I-A-C Repo">
	<dir>
        <info compressed="false">https://raw.githubusercontent.com/I-A-C/ExodusReduxRepo/master/zips/addons.xml</info>
        <checksum>https://raw.githubusercontent.com/I-A-C/ExodusReduxRepo/master/zips/addons.xml.md5</checksum>
        <datadir zip="true">https://raw.githubusercontent.com/I-A-C/ExodusReduxRepo/master/zips/</datadir>
	</dir>
	<dir>
		<info compressed="false">https://raw.githubusercontent.com/jsergio123/zips/master/addons.xml</info>
		<checksum>https://raw.githubusercontent.com/jsergio123/zips/master/addons.xml.md5</checksum>
		<datadir zip="true">https://raw.githubusercontent.com/jsergio123/zips/master/</datadir>
	</dir>
	</extension>
	<extension point="xbmc.addon.metadata">
		<summary lang="en">Exodus Redux is a educational add-on. We do not host any of the contents streamed.</summary>
		<description lang="en"></description>
		<platform>all</platform>
	</extension>
</addon>
